WIMB,Monoglobus_absabun,Ruminococcus_torques_group_absabund,Monoglobus_relabund,Ruminococcus_torques_group_relabund,Totalreads_sample,SPID
1,1127,6162,0.01753567,0.095878262,64269,5084872131
100,244,1403,0.006219571,0.035762535,39231,5084741647
101,108,1190,0.003364067,0.037067032,32104,5084821454
102,65,1023,0.003192221,0.050240644,20362,5115112588
103,216,1001,0.006810872,0.031563347,31714,5094642537
104,0,0,0,0,70095,5094651085
105,138,2580,0.003485289,0.065159742,39595,5094622178
106,151,2648,0.004613927,0.080911785,32727,5094636813
107,872,197,0.03002548,0.006783279,29042,5094628064
108,72,392,0.003163028,0.017220929,22763,5094678522
109,155,2353,0.004018355,0.061001218,38573,5094608467
11,552,2919,0.01007943,0.053300466,54765,5115123806
110,122,1603,0.003329513,0.043747612,36642,5094605567
111,117,7,0.004622131,0.000276538,25313,5115158222
112,340,1217,0.017834662,0.0638376,19064,5115123476
113,25,261,0.001249063,0.01304022,20015,5115283463
114,85,3141,0.003282614,0.121302232,25894,5115266500
115,294,1541,0.00748625,0.039239153,39272,5102232087
116,244,2232,0.008864991,0.081092864,27524,5102213045
118,322,1175,0.009048502,0.033018603,35586,5094607415
119,212,1230,0.004691615,0.027220218,45187,5094640045
120,15,540,0.001246468,0.04487286,12034,5115264770
121,84,1303,0.004645247,0.072056628,18083,5115276152
122,25,584,0.000479285,0.011196104,52161,5094630356
125,144,1335,0.00282093,0.026152369,51047,5084888037
126,277,255,0.007200603,0.006628714,38469,5094513185
127,0,2197,0,0.048179825,45600,5094555601
128,27,1287,0.000488679,0.023293696,55251,5094503774
129,86,1180,0.001583881,0.021732324,54297,5094516467
13,21,272,0.001647705,0.021341703,12745,5115274625
130,247,2662,0.010148739,0.109376284,24338,5115207560
131,0,930,0,0.020250408,45925,5115255438
132,0,147,0,0.004440417,33105,5115145822
133,21,886,0.000608167,0.025658847,34530,5115110378
134,186,92,0.006136589,0.003035302,30310,5115132510
135,276,1034,0.010243088,0.038374467,26945,5094503415
136,68,2556,0.002447188,0.091985461,27787,5094584643
137,96,328,0.001871163,0.006393139,51305,5094506073
138,48,699,0.001274224,0.01855588,37670,5094634300
139,0,706,0,0.026076679,27074,5094600524
14,96,2890,0.002611108,0.078605233,36766,5084817164
140,14,2612,0.000347766,0.064883126,40257,5094642306
142,114,658,0.00357266,0.020621141,31909,5084828326
143,302,923,0.009427189,0.028812237,32035,5084861082
144,11,1780,0.00040168,0.064999087,27385,5094670625
145,71,1730,0.001722423,0.041968899,41221,5094666148
146,170,160,0.003336408,0.003140149,50953,5094514142
147,143,714,0.004186795,0.020904699,34155,5115137487
148,430,424,0.017816449,0.017567848,24135,5115254754
149,262,971,0.009260241,0.034319443,28293,5115288216
15,131,2415,0.005116588,0.094324884,25603,5115130458
150,92,642,0.002246587,0.015677273,40951,5115242717
151,119,234,0.002804553,0.005514836,42431,5115274627
152,63,379,0.001957312,0.01177494,32187,5115282558
153,14,8,0.000590992,0.000337709,23689,5084710451
155,192,458,0.007540353,0.017986883,25463,5115154248
156,0,764,0,0.023828088,32063,5115134181
157,102,974,0.003320637,0.031708826,30717,5115120747
158,240,1893,0.006546466,0.051635253,36661,5115110542
159,178,1157,0.005517498,0.035863736,32261,5115102688
16,133,829,0.006759504,0.042132547,19676,5115213587
160,31,2717,0.000940477,0.082428251,32962,5115187848
161,24,3406,0.000526397,0.07470445,45593,5115105770
162,280,1650,0.010469247,0.061693775,26745,5094563371
163,0,13,0,0.000690388,18830,5094674540
165,67,2059,0.003197022,0.098248795,20957,5105484444
166,0,149,0,0.004106041,36288,5105412454
167,4,67,0.000129295,0.002165692,30937,5094545646
168,226,1346,0.004414925,0.026294198,51190,5094624675
17,95,697,0.002369609,0.017385448,40091,5115221428
170,0,0,0,0,48600,5094544182
171,82,1763,0.003041994,0.065402879,26956,5094671224
172,475,1337,0.011479808,0.032312637,41377,5094634866
173,129,1177,0.003359288,0.030650243,38401,5094635152
176,46,809,0.001588837,0.027942802,28952,5115144606
177,102,492,0.003151942,0.015203486,32361,5115168825
179,8,639,0.00032407,0.025885117,24686,5115108060
18,0,185,0,0.00345872,53488,5115112473
180,883,50,0.015343446,0.000868825,57549,5115141808
182,0,2246,0,0.067423151,33312,5084870555
183,537,1339,0.015038647,0.0374986,35708,5084844575
184,159,399,0.003759754,0.009434855,42290,5084872277
185,219,425,0.005897243,0.011444421,37136,5084850883
186,560,1989,0.02496545,0.088671927,22431,5094548131
187,37,2518,0.001848983,0.125830793,20011,5094506110
188,154,2175,0.004723926,0.066717791,32600,5094680606
19,22,3633,0.000656227,0.10836689,33525,5115186878
190,116,2829,0.002065821,0.050381108,56152,5102283354
191,116,1506,0.003286585,0.042668933,35295,5084826250
193,186,1750,0.006547451,0.061602366,28408,5094665851
194,921,1466,0.019599081,0.031196799,46992,5094512333
195a,0,2591,0,0.053651668,48293,5081001600
196,14,656,0.000628733,0.029460637,22267,5105411634
197,48,1523,0.001340333,0.042527644,35812,5115183030
198,0,928,0,0.038504626,24101,5115177355
199,0,273,0,0.011038777,24731,5115184537
2,435,4580,0.010956903,0.115362333,39701,5094540670
20,376,1980,0.007711871,0.040610386,48756,5115274150
200,14,582,0.000358506,0.014903588,39051,5105638853
201,462,915,0.012603667,0.024961807,36656,5115114225
202,129,965,0.003538706,0.026471718,36454,5115100162
203,9,360,0.000289389,0.011575563,31100,5115106065
204,124,342,0.002852345,0.007866952,43473,5115104710
205,165,1259,0.004140839,0.031595854,39847,5115183273
206,86,2020,0.001810908,0.042535271,47490,5115156203
207,38,172,0.001079484,0.004886086,35202,5115137862
208,94,149,0.003230685,0.005120979,29096,5105645057
209,65,958,0.001850745,0.027277128,35121,5105651852
21,802,6508,0.020428437,0.165770906,39259,5084830385
210,519,1052,0.017045455,0.034550709,30448,5094514374
212,57,1123,0.002821084,0.055580302,20205,5094680647
213,59,573,0.002261316,0.021961596,26091,5094680270
214,213,867,0.005742169,0.023373052,37094,5094625531
215,210,86,0.006545115,0.00268038,32085,5095547368
216,35,144,0.000945256,0.003889054,37027,5095577830
217,110,337,0.005107727,0.015648217,21536,5094547431
218,94,905,0.002514848,0.024212103,37378,5094518888
219,127,2065,0.002410416,0.039192985,52688,5105784415
22,6,768,0.000204151,0.026131337,29390,5115174514
221,352,972,0.00970392,0.026796052,36274,5094686577
222,47,4373,0.001131712,0.105297375,41530,5095530133
223,86,1324,0.002633513,0.040543851,32656,5095541348
224,21,206,0.000733061,0.00719098,28647,5105714888
225,145,3632,0.004023196,0.100774118,36041,5094502401
226,292,2939,0.005140574,0.051740225,56803,5105462010
227,70,622,0.001931141,0.017159567,36248,5105622360
228,143,42,0.004604437,0.001352352,31057,5084738165
229,145,1028,0.004674856,0.033143115,31017,5105660186
23,182,2990,0.006015733,0.098829907,30254,5115162405
230,194,1152,0.006724204,0.039929292,28851,5084803138
231,149,499,0.005537798,0.018546049,26906,5084778324
232,0,398,0,0.017695967,22491,5084805021
234,144,57,0.0047901,0.001896081,30062,5095555324
235,33,1575,0.001679731,0.080168991,19646,5095501841
236,147,1182,0.005068266,0.040753,29004,5095553343
237,72,691,0.001744989,0.016747049,41261,5115170437
238,57,538,0.002079988,0.01963217,27404,5094513841
239,751,450,0.032183415,0.019284337,23335,5094568027
240,240,907,0.008502196,0.032131217,28228,5094563574
241,501,2384,0.014598753,0.069467918,34318,5094674825
242,51,105,0.001023131,0.002106446,49847,5115175058
243,41,4022,0.000870433,0.085387343,47103,5115182812
244,138,662,0.004542163,0.021789217,30382,5095515404
245,14,1092,0.000517388,0.040356259,27059,5095522820
246,446,2506,0.009985447,0.056106571,44665,5105780086
247,0,605,0,0.018506057,32692,5105706832
248,11,20,0.000425977,0.000774503,25823,5105734643
249,593,4835,0.012081084,0.098502598,49085,5105456726
25,0,0,0,0,25614,5115150635
250,84,447,0.00288769,0.015366633,29089,5105447436
251,9,839,0.000274683,0.025606592,32765,5084725440
252,58,305,0.002852646,0.015000984,20332,5095525813
253,0,1112,0,0.055812086,19924,5094534531
254,10,2718,0.000162096,0.044057576,61692,5115103016
255,38,1547,0.001008975,0.041075886,37662,5115165563
257,330,751,0.008332071,0.018961773,39606,5115113256
258,0,614,0,0.018229321,33682,5115171808
259,64,5748,0.001147756,0.1030828,55761,5115138242
26,488,1041,0.023055844,0.049182651,21166,5115168566
260,202,1626,0.008025108,0.064598149,25171,5095545642
263,62,1882,0.002552806,0.077490015,24287,5095540250
264,36,2266,0.001742835,0.109701782,20656,5094554235
265,362,825,0.012398109,0.02825536,29198,5095528586
267,28,2861,0.000907765,0.092754093,30845,5115215588
268,442,3727,0.008551308,0.072105711,51688,5115180064
269,0,48,0,0.002037006,23564,5115153833
27,194,1583,0.006330147,0.05165269,30647,5084743850
270,742,849,0.013285111,0.015200888,55852,5105774602
272,239,6243,0.006665179,0.174103408,35858,5105438853
273,179,4060,0.003807539,0.086360929,47012,5105755114
274,364,2188,0.006693637,0.040235381,54380,5105458147
275,114,332,0.004554535,0.013264083,25030,5115103515
276,124,416,0.002622008,0.008796414,47292,5115100063
277,52,554,0.00187746,0.020002166,27697,5084838224
278,487,2250,0.011487204,0.053072296,42395,5084884786
28,135,825,0.002873196,0.017558422,46986,5115166443
281,97,2107,0.003536661,0.07682211,27427,5115121271
282,0,917,0,0.023347591,39276,5115150121
283,30,460,0.000862813,0.013229796,34770,5115268467
286,87,1046,0.003063272,0.036829689,28401,5084776470
288,73,546,0.003032191,0.022679128,24075,5084885761
289,211,312,0.007920123,0.011711272,26641,5084883544
290,918,693,0.02518104,0.019009217,36456,5115162530
291,9,331,0.00028207,0.010373899,31907,5115166146
295,79,1919,0.001876039,0.045571123,42110,5115144307
296,388,1408,0.011146863,0.040450471,34808,5115152308
297,131,1355,0.006149657,0.063609051,21302,5095567512
298,452,1643,0.004609564,0.016755561,98057,5094548508
299,193,273,0.008882548,0.012564433,21728,5095511056
3,339,2209,0.006849592,0.044633476,49492,5094566580
300,47,577,0.002411369,0.029603407,19491,5084710604
301,95,877,0.004947144,0.045669947,19203,5084862601
303,228,339,0.006874717,0.010221619,33165,5094564554
304,4,970,0.000197941,0.048000792,20208,5105765766
305,260,402,0.005211883,0.008058373,49886,5105681381
308,146,1583,0.002504675,0.027156851,58291,5105756261
309,90,4087,0.002013423,0.091431767,44700,5115145345
31,537,89,0.010151421,0.001682451,52899,5084818510
310,293,554,0.008926123,0.01687738,32825,5115182315
312,274,4067,0.006136756,0.091088266,44649,5115146458
315,193,449,0.003941188,0.009168879,48970,5105723468
316,517,1385,0.009906112,0.026537651,52190,5105450458
317,360,318,0.006345513,0.005605203,56733,5105707605
318,279,728,0.014557028,0.03798393,19166,5084771446
319,493,352,0.021755439,0.015533295,22661,5095521255
32,986,3242,0.017584221,0.057817488,56073,5115287333
320,275,793,0.009419744,0.027163116,29194,5095554721
321,157,848,0.003700823,0.019989157,42423,5095576852
322,62,638,0.002628455,0.027047651,23588,5095555667
324,393,5827,0.009054465,0.1342503,43404,5115140424
325,64,295,0.002770923,0.012772222,23097,5115268482
326,703,1095,0.018167252,0.028297498,38696,5115235530
328,116,1889,0.003011657,0.04904328,38517,5105672640
329,130,1436,0.005439103,0.060081168,23901,5105655240
33,1027,822,0.01762243,0.014104808,58278,5084817003
330,0,0,0,0,33966,5115167861
331,387,374,0.013406776,0.012956419,28866,5115154284
332,464,1636,0.011262683,0.039710666,41198,5115250378
333,137,42,0.005305553,0.00162652,25822,5095513513
334,168,2158,0.003662525,0.047046,45870,5095571870
335,90,728,0.004110715,0.033251119,21894,5095522743
336,79,2147,0.002602708,0.070734359,30353,5095512513
337,35,2187,0.001173512,0.073327745,29825,5084878763
338,0,3296,0,0.119402985,27604,5095521188
339,0,5471,0,0.171263108,31945,5095505238
34,344,1267,0.009850524,0.036280854,34922,5104956876
340,7,869,0.00019418,0.024106078,36049,5105486708
342,16,2962,0.000671056,0.124229334,23843,5084870101
343,167,314,0.005384839,0.010124786,31013,5095525355
344,55,605,0.002000364,0.022004001,27495,5095532816
346,60,1525,0.002347693,0.05967054,25557,5084827758
347,224,3525,0.005722753,0.090056717,39142,5084884115
348,0,2639,0,0.074742268,35308,5105411312
349,159,382,0.004287448,0.010300661,37085,5105780741
35,274,1659,0.00575957,0.034872722,47573,5105000600
351,167,230,0.005028303,0.006925208,33212,5095530042
354,454,51,0.01042097,0.001170638,43566,5105444524
355,130,648,0.004300791,0.021437787,30227,5105755457
356,283,147,0.009319327,0.004840781,30367,5115226464
357,56,202,0.002671628,0.009636945,20961,5115228672
36,13,1213,0.000441891,0.041231857,29419,5104925311
360,0,79,0,0.002786498,28351,5095532873
361,43,158,0.001590825,0.005845357,27030,5095584585
363,0,9483,0,0.16541078,57330,5115262718
364,0,1702,0,0.052690236,32302,5115251577
365,48,2696,0.001981342,0.111285396,24226,5084753470
367,29,76,0.000958868,0.002512895,30244,5084877680
369,359,2246,0.008945926,0.055968104,40130,5115185266
37,544,808,0.020447284,0.030370231,26605,5115146787
370,64,1237,0.001020441,0.019723205,62718,5115145557
371,94,1446,0.001622312,0.02495599,57942,5115108481
372,403,830,0.005788899,0.011922547,69616,5115138722
373,565,2081,0.006557567,0.024152739,86160,5115187803
374,10,153,0.0003462,0.005296867,28885,5105788046
375,14,355,0.00038835,0.009847434,36050,5105748662
377,173,3508,0.002902295,0.058851161,59608,5115224740
378,0,275,0,0.013191346,20847,5115105161
379,0,1432,0,0.04033462,35503,5105787132
38,29,1123,0.000997729,0.038636207,29066,5084755846
380,193,631,0.007578732,0.024778136,25466,5084753610
381,202,940,0.006961196,0.032393687,29018,5084703076
382,189,1846,0.005478896,0.053513451,34496,5094553365
383,102,1315,0.003117741,0.0401944,32716,5094513186
385,19,205,0.000598105,0.006453238,31767,5084843505
386,422,715,0.014410108,0.02441523,29285,5084714718
387,449,764,0.011237924,0.01912199,39954,5084776075
388,180,1393,0.005973121,0.046225319,30135,5095585304
390,116,102,0.003543933,0.003116217,32732,5084803543
391,123,135,0.003379214,0.003708893,36399,5084867020
392,124,2464,0.004109362,0.081657001,30175,5084802188
393,254,1497,0.008763758,0.051650968,28983,5084861262
394,260,1042,0.007225233,0.02895651,35985,5084841077
395,240,38,0.006952894,0.001100875,34518,5115234247
396,1223,176,0.059045044,0.008497079,20713,5094624731
398,128,2247,0.003332292,0.058497345,38412,5105427420
399,107,1364,0.002973957,0.037911004,35979,5115123833
4,0,351,0,0.007904159,44407,5094585401
40,0,0,0,0,62240,5081065002
400,46,221,0.000897001,0.004309504,51282,5115115358
404,122,1429,0.003866388,0.045287444,31554,5094574548
405,7,1026,0.000149662,0.021936201,46772,5105741718
406,180,1128,0.006118495,0.038342568,29419,5105714708
407,872,570,0.020240002,0.013230276,43083,5084736217
408,1337,646,0.038054306,0.018386748,35134,5084802845
409,23,944,0.000993778,0.040788109,23144,5084883016
41,129,256,0.004576578,0.009082201,28187,5094664842
410,0,1418,0,0.044305577,32005,5084875746
412,0,183,0,0.006769003,27035,5094581486
413,50,356,0.001643872,0.011704366,30416,5105720566
414,253,157,0.005854991,0.003633334,43211,5105776237
415,475,726,0.01648447,0.025195211,28815,5105756616
416,9,571,0.000303378,0.019247624,29666,5105766813
417,333,6102,0.006010396,0.110136452,55404,5094644347
418,100,1343,0.003616637,0.048571429,27650,5094548101
420,171,268,0.007567376,0.011859981,22597,5095570780
421,118,690,0.003297471,0.019281822,35785,5105734266
422,58,403,0.002363777,0.016424176,24537,5084734418
423,74,329,0.003156727,0.014034639,23442,5084854161
424,161,1333,0.004501985,0.037274202,35762,5084736534
425,0,1063,0,0.041323278,25724,5084748250
426,83,423,0.003135744,0.015980959,26469,5084713743
427,0,304,0,0.014286386,21279,5105825122
428,866,112,0.03256986,0.004212268,26589,5095573543
429,546,982,0.023212312,0.041748151,23522,5095503831
43,0,271,0,0.006050458,44790,5094518461
431,256,217,0.01129744,0.009576346,22660,5094685445
432,4,66,0.000135003,0.002227547,29629,5105741071
433,371,2485,0.010304697,0.069022026,36003,5105788287
440,3,4306,0.000133144,0.191105983,22532,5094652201
441,80,2701,0.00226206,0.076372787,35366,5115165701
442,66,5911,0.001613179,0.144477306,40913,5115181778
444,29,232,0.001241438,0.009931507,23360,5105452063
445,56,1522,0.001885458,0.051244066,29701,5115103414
446,81,2347,0.002751826,0.079735009,29435,5115114710
447,135,462,0.004862412,0.016640254,27764,5115165453
448,0,319,0,0.008058201,39587,5084827364
449,132,1067,0.003148855,0.025453244,41920,5084804777
45,0,1317,0,0.033229884,39633,5094631213
450,387,8921,0.004592109,0.105855829,84275,5084872535
451,275,1685,0.00433378,0.026554251,63455,5084805114
452,470,1771,0.009722395,0.03663481,48342,5095572444
453,277,598,0.007349235,0.015865857,37691,5095527153
457,279,1131,0.005840363,0.023675452,47771,5105770853
459,622,2747,0.018087179,0.079880194,34389,5084888142
46,0,201,0,0.01005201,19996,5094510040
460,603,520,0.022704168,0.01957905,26559,5084833145
461,214,325,0.006312684,0.009587021,33900,5084746517
462,200,2233,0.005767512,0.064394267,34677,5105716331
463,148,960,0.007215992,0.046806436,20510,5105712485
464,197,1563,0.005222278,0.041433608,37723,5105843060
465,79,1178,0.002360675,0.035200956,33465,5094512004
466,0,648,0,0.01775829,36490,5095544001
467,219,363,0.006353166,0.010530591,34471,5105780141
468,141,72,0.00493352,0.002519244,28580,5105481348
469,729,432,0.027982497,0.01658222,26052,5084873861
47,50,4062,0.001270357,0.103203842,39359,5094653031
470,273,802,0.00915493,0.026894702,29820,5084808223
471,125,424,0.005013637,0.017006257,24932,5095521318
473,39,0,0.001194085,0,32661,5105434271
474,107,61,0.00380661,0.002170123,28109,5105727441
475,706,1402,0.012563619,0.024949283,56194,5115104738
476,167,376,0.003976759,0.00895366,41994,5115102138
477,212,186,0.003805899,0.003339138,55703,5115131846
478,1081,661,0.026965003,0.016488314,40089,5105705168
479,108,636,0.004664421,0.027468256,23154,5105866835
480,211,3663,0.005910364,0.102605042,35700,5105835601
481,29,109,0.000920109,0.003458341,31518,5105751185
482,64,1750,0.000875489,0.023939154,73102,5105777107
484,379,1927,0.009668367,0.049158163,39200,5115160683
485,52,1829,0.001024732,0.03604296,50745,5094582127
486,449,1471,0.0151951,0.049781719,29549,5094512322
488,305,3679,0.006934182,0.083642151,43985,5105774243
489,94,280,0.003462374,0.010313455,27149,5095514455
490,28,650,0.000888945,0.020636231,31498,5084817060
491,176,166,0.005626598,0.005306905,31280,5084832272
492,56,247,0.002068023,0.009121459,27079,5084845750
493,82,836,0.002705735,0.027585297,30306,5084882675
494,34,403,0.00146476,0.017361709,23212,5084837327
496,196,339,0.005650695,0.009773396,34686,5105775686
497,38,7615,0.000582375,0.116704981,65250,5105704266
5,243,1039,0.005625781,0.024054267,43194,5104950107
50,17,82,0.002109966,0.010177485,8057,5105054716
500,969,2202,0.021938464,0.04985397,44169,5115126718
501,537,1150,0.011952723,0.02559708,44927,5115117428
502,574,1552,0.013082919,0.035374026,43874,5115135120
503,266,732,0.00412205,0.011343385,64531,5115123382
505,716,1115,0.012229073,0.019043878,58549,5105842517
509,633,4208,0.01106624,0.073565147,57201,5115158727
51,0,0,0,0,40901,5105067868
510,259,677,0.008925187,0.023329543,29019,5115152643
511,26,1825,0.000861212,0.06045048,30190,5105718880
512,0,248,0,0.008497516,29185,5105705446
514,57,425,0.001507338,0.011238926,37815,5095551708
515,273,1428,0.004034523,0.021103656,67666,5095548468
516,172,964,0.005377353,0.030138185,31986,5095500171
517,426,1108,0.009872309,0.025677273,43151,5105420825
519,173,2901,0.004091866,0.068615625,42279,5105867236
52,177,1183,0.004838445,0.032338308,36582,5084866710
520,503,3623,0.009692088,0.069810012,51898,5095537060
521,426,1774,0.011404401,0.047491567,37354,5105724456
522,81,140,0.001252823,0.002165373,64654,5105764723
523,113,721,0.00194989,0.012441331,57952,5105721378
524,98,5560,0.002166368,0.122908239,45237,5112236813
525,100,6464,0.001550844,0.100246584,64481,5112244477
526,170,214,0.006024737,0.007584081,28217,5084832220
527,144,478,0.004281,0.014210542,33637,5084881565
529,212,848,0.004899808,0.019599233,43267,5115168768
531,0,5213,0,0.097090814,53692,5112240281
532,121,297,0.002786413,0.006839378,43425,5112271730
533,25,1192,0.000578717,0.027593231,43199,5112236688
534,274,486,0.006484593,0.01150187,42254,5105708420
535,9,1411,0.000354568,0.055588386,25383,5084801712
536,54,1460,0.003002502,0.08117876,17985,5084810202
537,52,892,0.002041377,0.035017469,25473,5084854700
538,132,266,0.004554394,0.009177794,28983,5084807061
539,36,2822,0.000510161,0.03999093,70566,5105734480
54,108,663,0.003113469,0.019113238,34688,5115230077
543,3684,105,0.071110082,0.002026753,51807,5095551504
546,2090,63,0.045385451,0.001368078,46050,5105771026
547,117,5713,0.001990304,0.097184656,58785,5105728800
548,15,964,0.000321295,0.020648588,46686,5105766187
549,105,4264,0.002018804,0.081982658,52011,5095531705
55,230,2429,0.006227999,0.065773084,36930,5115266805
550,44,656,0.001877293,0.027988736,23438,5084877577
551,4,1878,0.000142334,0.066825606,28103,5084843353
552,62,481,0.002977191,0.023097239,20825,5084770117
553,30,167,0.000728686,0.004056352,41170,5105783448
554,111,2275,0.002547566,0.052213628,43571,5105401487
555,92,236,0.002435538,0.006247684,37774,5112282147
556,183,4087,0.003541981,0.079104247,51666,5112216275
558,29,158,0.001159536,0.006317473,25010,5084864540
559,42,5342,0.00117145,0.148997295,35853,5084780027
56,86,2189,0.002947123,0.075014564,29181,5115107251
561,1186,6688,0.019423518,0.109531608,61060,5084820445
562,0,15155,0,0.37201139,40738,5105755741
563,0,0,0,0,65455,5084805850
565,226,2053,0.003567144,0.032404192,63356,5105706141
566,310,933,0.005467276,0.016454736,56701,5105744422
57,72,4182,0.00203476,0.118185672,35385,5115108676
570,27,1159,0.000401905,0.017252158,67180,5095584221
571,15,9430,0.000338448,0.212770758,44320,5105776077
572,0,201,0,0.00563894,35645,5105736614
576,82,98,0.001847221,0.002207655,44391,5105722638
579,102,4117,0.002049139,0.082708882,49777,5105722131
58,638,7072,0.006327356,0.070136465,100832,5115271750
583,0,12900,0,0.270015699,47775,5105756648
584,475,2532,0.00970041,0.051708293,48967,5105763001
585,11,1320,0.000277932,0.033351862,39578,5105472430
586,62,1125,0.001567596,0.028444287,39551,5105723560
588,0,1812,0,0.046436534,39021,5105774416
589,298,2505,0.004987531,0.041925388,59749,5105781886
59,1378,1464,0.026247119,0.027885183,52501,5115273523
590,0,1574,0,0.034581246,45516,5105461538
591,278,376,0.006792748,0.009187314,40926,5105528475
592,113,427,0.002857287,0.010797006,39548,5105514013
595,103,2118,0.003497572,0.071920948,29449,5105415540
596,32,245,0.000642106,0.004916125,49836,5105441520
597,88,2462,0.003375786,0.094445297,26068,3438341201
598,0,2591,0,0.076729448,33768,4327032638
599,3094,33013,0.004882853,0.052100068,633646,4342304523
60,27,1643,0.000917587,0.055836873,29425,5084810540
600,106,4088,0.002081452,0.080273338,50926,5105567182
601,26,22,0.000455812,0.000385687,57041,5105485406
602,138,107,0.005712393,0.004429175,24158,1648101185
603,186,804,0.010337353,0.044684044,17993,1183640176
604,295,2826,0.009195187,0.088086778,32082,1147014156
605,26,694,0.001467186,0.039162575,17721,2085184258
608,153,1000,0.007364266,0.048132461,20776,3336357770
609,89,691,0.003572575,0.027737636,24912,3386436855
61,144,1219,0.003944989,0.03339543,36502,5084836450
610,200,94,0.008185316,0.003847098,24434,2075683408
611,10,432,0.000357347,0.015437393,27984,1143458081
612,9,1541,0.000330336,0.056560837,27245,5105442110
613,176,341,0.009199728,0.017824473,19131,2080257514
614,31,254,0.002088105,0.017108986,14846,2084800633
615,35,409,0.002522523,0.029477477,13875,2020525135
616,6,22,0.000441014,0.001617053,13605,2763534640
619,4001,2984,0.01341726,0.010006774,298198,3526040710
62,462,1494,0.021194605,0.068538398,21798,5115148321
620,57,52,0.002930139,0.00267311,19453,2736828751
621,51,540,0.002960813,0.031349782,17225,2074132141
622,29,421,0.001556963,0.022602813,18626,1154233104
624,0,1628,0,0.1101116,14785,1671535268
625,197,722,0.009095946,0.033336411,21658,3387161446
626,59,228,0.003097438,0.011969761,19048,2968265470
627,27,558,0.001479047,0.030566968,18255,2952133515
629,68,1251,0.001723876,0.031714242,39446,5105423038
63,145,209,0.005497213,0.00792357,26377,5115132457
630,23,1936,0.001513855,0.127427105,15193,2083875652
631,4,294,0.000209633,0.015407997,19081,3451607716
632,28,115,0.00164117,0.006740519,17061,3254210063
633,37,523,0.002709829,0.038303794,13654,3245630211
634,7,0,0.000459438,0,15236,3445572175
635,19,545,0.000885162,0.02539017,21465,2067427362
636,33,1286,0.001301929,0.050735787,25347,2066028376
637,514,410,0.019305164,0.015399061,26625,3153424740
638,189,3851,0.004165473,0.084874264,45373,2718527471
64,20,996,0.001089681,0.0542661,18354,5105061321
641,47,189,0.00248008,0.009973088,18951,2972107822
642,48,730,0.002531112,0.038493989,18964,2958243168
643,47,334,0.00230144,0.016354911,20422,1600834288
644,898,2539,0.025858097,0.073111034,34728,1647825688
645,171,885,0.004071332,0.021070927,42001,1521578844
649,49,1720,0.000932605,0.032736339,52541,2571158744
65,0,327,0,0.011056262,29576,5105022146
650,363,4522,0.010744731,0.133850343,33784,3424085654
651,335,6783,0.005572652,0.112833735,60115,3463015570
652,60,1027,0.001663202,0.028468468,36075,2548238855
655,5,17,0.000359531,0.001222406,13907,3434185813
656,101,2102,0.006151035,0.128014616,16420,9747874071
657,7,5421,0.000163113,0.126319469,42915,1121607061
658,75,138,0.003143995,0.005784951,23855,2007672028
659,60,1426,0.002689739,0.063926122,22307,2652700158
66,50,1221,0.002780404,0.067897459,17983,5115175330
660,66,190,0.003177813,0.00914825,20769,2677350232
661,99,477,0.004519103,0.021773862,21907,2685015516
662,111,332,0.004660341,0.013939038,23818,1151513425
666,116,313,0.002821561,0.007613349,41112,3458044805
667,61,286,0.002110581,0.009895509,28902,2068848716
669,192,4682,0.004895087,0.119368738,39223,2072418232
67,356,1065,0.004270992,0.012776985,83353,5115274026
670,104,943,0.001959639,0.01776865,53071,2005364085
671,59,137,0.003260209,0.007570316,18097,2603025270
672,50,2263,0.001930576,0.087377891,25899,2615754025
674,63,173,0.003182622,0.008739581,19795,1562846466
675,128,2171,0.005592206,0.094849054,22889,2033114420
680,472,633,0.02067274,0.027724247,22832,1366471503
681,8,664,0.000349681,0.029023516,22878,1326014881
684,7,165,0.000305051,0.007190482,22947,9733838562
685,60,203,0.003546938,0.012000473,16916,9762830225
687,96,549,0.004254188,0.024328636,22566,1123544843
688,197,1610,0.007480539,0.061135371,26335,1538463284
690,0,0,0,0,26802,9787064524
692,14,109,0.000582387,0.004534298,24039,1507035355
695,160,775,0.007365804,0.035678114,21722,1131527820
696,79,944,0.003405613,0.040694917,23197,1561701378
699,286,230,0.013523098,0.010875219,21149,2941414785
701,4,1053,0.000209864,0.05524659,19060,1127078657
703,110,130,0.005767315,0.006815918,19073,1561680741
704,38,324,0.001980095,0.016882914,19191,1131182582
705,113,3654,0.002621749,0.084777615,43101,2508838880
707,294,1610,0.00937231,0.051324556,31369,1623713457
708,305,185,0.009958858,0.006040619,30626,3471713745
709,16,351,0.000364042,0.007986166,43951,2510437785
71,32,1534,0.001044216,0.050057106,30645,5094668518
711,154,959,0.004686406,0.029183531,32861,3464055587
712,24,4007,0.001378518,0.230155083,17410,3406582741
718,44,255,0.001232217,0.007141257,35708,4154720357
719,372,2022,0.011300808,0.06142536,32918,2020836520
72,163,677,0.003376069,0.014022079,48281,5094612423
721,25,241,0.000960393,0.009258192,26031,1955534300
726,35,953,0.00195498,0.053231302,17903,3256332237
727,53,197,0.00221202,0.008222037,23960,1121567836
73,124,232,0.002684796,0.005023167,46186,5094603566
730,0,3048,0,0.153729762,19827,3128672221
732,87,1193,0.004778907,0.065531447,18205,2602358470
733,0,1952,0,0.086921673,22457,2612757365
734,12,117,0.000476323,0.004644147,25193,3283662135
736,10,702,0.00048539,0.034074362,20602,1172372104
738,15,59,0.000586877,0.002308385,25559,3464355350
739,47,393,0.002519027,0.021063351,18658,2661621307
74,822,1933,0.022372826,0.052611524,36741,5084828122
740,206,243,0.008900795,0.010499482,23144,2615667580
741,73,115,0.003508603,0.005527252,20806,3918058532
742,13,30,0.000571353,0.001318507,22753,3970473126
743,77,817,0.003098841,0.03287991,24848,1617012672
744,296,219,0.014675988,0.010858248,20169,1600008708
746,147,620,0.004994224,0.021064076,29434,1175388648
749,24,1367,0.000811633,0.046229286,29570,1188338858
75,207,157,0.007008397,0.005315547,29536,5084871561
751,334,455,0.012578616,0.01713554,26553,1146403725
752,0,145,0,0.005548328,26134,1108746346
755,0,470,0,0.016251729,28920,3360268326
756,116,6294,0.003220254,0.174726556,36022,2970080631
759,27,139,0.00120827,0.006220353,22346,1113485301
76,206,3214,0.006128217,0.095612078,33615,5094560487
760,102,1200,0.003825526,0.045006188,26663,1565622473
763,214,478,0.007368131,0.016457788,29044,2074068672
765,250,157,0.013546464,0.00850718,18455,4367645675
767,143,137,0.004228392,0.004050977,33819,9716282508
77,31,13,0.000595982,0.000249928,52015,5094533570
770,0,662,0,0.01969066,33620,1575628731
771,156,152,0.005393072,0.005254788,28926,2048732030
774,54,92,0.002649657,0.00451423,20380,2610631077
775,41,1552,0.00146392,0.055414718,28007,2645388662
776,0,216,0,0.012334399,17512,1414453531
777,50,213,0.002295263,0.009777819,21784,1572711380
778,45,144,0.00186374,0.005963968,24145,1564231548
779,31,1422,0.001189882,0.054581046,26053,1127870155
78,653,149,0.017830812,0.004068593,36622,5094578578
780,83,175,0.003673379,0.007745076,22595,2656235148
781,138,862,0.010969793,0.068521463,12580,1908302271
782,50,459,0.003548112,0.032571672,14092,1906555318
783,21,197,0.00078983,0.007409358,26588,1153214567
785,202,112,0.005797101,0.003214234,34845,1388327286
786,142,267,0.004069468,0.007651745,34894,1330684817
787,120,308,0.002959091,0.007594999,40553,1380121266
788,52,1483,0.001495972,0.042663982,34760,2677265218
789,205,1046,0.007020548,0.035821918,29200,2643658577
79,656,4326,0.015486308,0.102124646,42360,5094515247
791,31,1593,0.000766246,0.039375139,40457,1146720730
793,234,1585,0.007014599,0.047513415,33359,1517425150
794,39,183,0.001313529,0.006163484,29691,2552275081
795,76,2626,0.00245597,0.084860236,30945,1511012226
796,0,0,0,0,17463,1538137784
798,19,1019,0.00056769,0.030446084,33469,1327207082
799,55,275,0.001156069,0.005780347,47575,1318627140
8,153,1300,0.002849056,0.024207665,53702,5094554048
80,26,1908,0.000718351,0.05271592,36194,5094638871
800,107,2513,0.003235561,0.075990324,33070,2088760780
802,49,581,0.001174581,0.013927176,41717,1168035468
804,104,1302,0.002823862,0.035352575,36829,1165606356
805,26,358,0.000710926,0.00978891,36572,1568503828
807,77,1102,0.0028,0.040072727,27500,2616181158
808,155,2338,0.00410194,0.061873131,37787,2560120136
809,55,439,0.001097257,0.008758105,50125,1564286020
81,474,3487,0.012844484,0.094490963,36903,5094643568
810,292,794,0.008677821,0.023596541,33649,2568263263
811,51,985,0.003596615,0.069464034,14180,2346225661
812,34,443,0.001533673,0.019982859,22169,2271118715
814,211,420,0.005032317,0.010016933,41929,3155350337
815,406,2506,0.009001219,0.055559251,45105,1530806352
816,192,714,0.004677679,0.017395118,41046,2501417438
818,474,411,0.012226579,0.010601527,38768,2620372212
819,73,360,0.00150562,0.007424977,48485,2605283205
82,159,1852,0.004615251,0.053757511,34451,5081048031
821,234,165,0.005553973,0.003916263,42132,3256410843
822,31,1086,0.001107261,0.03878987,27997,1543816870
823,1036,3274,0.020236351,0.063951558,51195,1572326367
828,257,139,0.006715969,0.003632373,38267,1552281756
829,138,1519,0.004293715,0.047261979,32140,1188551100
83,68,1750,0.001695338,0.043630017,40110,5081071620
830,35,238,0.001551281,0.01054871,22562,1576057477
831,55,236,0.002757445,0.011831946,19946,1514344414
832,72,10244,0.00139362,0.198281202,51664,2524716207
834,164,165,0.003331099,0.003351411,49233,2687788815
835,187,1373,0.004266095,0.031322718,43834,2680433064
836,534,640,0.011482883,0.013762257,46504,2212037631
837,475,1811,0.012116729,0.046196623,39202,1416628058
838,76,571,0.00208906,0.015695437,36380,2667302224
839,122,260,0.003253247,0.006933148,37501,1531661560
84,60,2916,0.001432665,0.069627507,41880,5102210228
843,99,809,0.00360262,0.029439592,27480,3233885463
844,25,2000,0.001626969,0.130157491,15366,3245827857
846,134,837,0.006729948,0.042037065,19911,1356528356
847,65,3228,0.001185331,0.058865365,54837,2643166285
848,0,1073,0,0.032514166,33001,1514256416
849,42,528,0.001278422,0.016071592,32853,9765638415
85,212,334,0.005770435,0.009091157,36739,5102288363
850,68,6688,0.002681811,0.263764001,25356,1535485116
851,0,1066,0,0.022088686,48260,1140875514
852,22,225,0.000624521,0.006387146,35227,1113602225
853,6,1277,0.000256531,0.054598315,23389,1137345574
854,48,3667,0.001180202,0.090162524,40671,1511670155
855,32,239,0.001157449,0.008644699,27647,1361403580
856,145,1777,0.002962509,0.036306058,48945,3238872284
857,337,248,0.01214677,0.00893887,27744,3153186682
858,0,162,0,0.004827031,33561,3161666533
859,898,604,0.021388082,0.014385748,41986,1508250674
86,328,1522,0.012654321,0.058719136,25920,5084821357
860,181,481,0.003008244,0.007994283,60168,3102888463
862,21,3929,0.000684418,0.128051364,30683,2653684040
863,93,771,0.003440622,0.028523862,27030,3168552087
865,116,482,0.00340176,0.014134897,34100,1111404217
866,0,996,0,0.027827447,35792,1585227607
867,80,2707,0.002719793,0.092031006,29414,1545033025
868,206,1067,0.004475148,0.023179527,46032,1348715800
869,0,531,0,0.020848875,25469,3485124652
87,0,207,0,0.006091639,33981,5081025471
870,72,497,0.002859867,0.019741023,25176,1575885013
871,85,526,0.00376306,0.023286701,22588,1507012317
872,10,1004,0.000413787,0.041544255,24167,1966208460
873,59,1225,0.001416601,0.029412471,41649,1156828100
874,42,117,0.00311019,0.0086641,13504,1561027155
876,0,123,0,0.007205202,17071,1518554536
877,47,30,0.002695572,0.001720578,17436,3162183075
878,30,516,0.002727769,0.046917621,10998,1122665566
879,0,52,0,0.002055742,25295,1161322036
88,382,2540,0.00698968,0.046475884,54652,5115255765
880,64,260,0.00436443,0.017730496,14664,1526457227
881,185,2087,0.004880751,0.055060152,37904,3225436420
882,363,1081,0.006500833,0.019359229,55839,1575251381
883,298,1575,0.006614579,0.034959602,45052,1513744047
885,530,257,0.014367816,0.006967035,36888,9701028665
886,21,27,0.000570002,0.000732859,36842,9707711853
887,102,1552,0.001970215,0.029978173,51771,2365125450
89,53,689,0.00200674,0.026087615,26411,5115124833
891,118,72,0.002949558,0.00179973,40006,3271733171
894,168,168,0.006690562,0.006690562,25110,1502140254
895,51,643,0.002890337,0.036440918,17645,3257151451
896,26,731,0.000591003,0.01661628,43993,1565243451
90,48,57,0.001815431,0.002155825,26440,5115187427
901,161,940,0.004378927,0.025566405,36767,1987140557
91,71,45,0.002278489,0.001444113,31161,5115200784
911,94,333,0.00445878,0.015795465,21082,3271053655
912,29,330,0.001637585,0.018634593,17709,2632112465
913,27,48,0.00102203,0.001816943,26418,3248030816
914,128,4517,0.00204597,0.072200377,62562,1130037460
917,279,847,0.005438066,0.016509112,51305,2687406611
918,215,1383,0.00627554,0.040367776,34260,2667828078
919,46,79,0.001404109,0.002411404,32761,2372134008
92,0,495,0,0.02676399,18495,5115152623
920,34,104,0.003800581,0.011625307,8946,2341004378
921,227,0,0.009765121,0,23246,3583885130
922,191,71,0.0079663,0.002961295,23976,2550332708
923,401,1373,0.018170284,0.062213965,22069,2537477045
93,0,0,0,0,105067,5115156221
94,36,318,0.001677071,0.014814125,21466,5102243174
95,147,2157,0.00228719,0.033561015,64271,5102278850
96,158,1602,0.006023407,0.061072776,26231,5115116804
97,149,272,0.003966986,0.007241747,37560,5115203671
98,102,2150,0.002761533,0.058208794,36936,5115226266
99,1139,1724,0.04980977,0.075392487,22867,5084825861